{"modele_1": {"params": [1, 1, 1], "mse": 0.18407250274175366, "noise": [0.5559905216763902, 0.4191401753295263], "avg_noise": 0.48756534850295824}, "modele_2": {"params": [1, 1, 3], "mse": 0.28622856151257964, "noise": [0.5326495195322736, 0.41331967332219377, 0.631392679781972, 0.4410356573000648, 0.6665274111680064, 0.4587835712455002], "avg_noise": 0.5239514187250017}, "modele_3": {"params": [1, 1, 7], "mse": 0.35600814184661544, "noise": [0.5424995606728064, 0.4218054253907033, 0.6272303634215254, 0.44053529019227466, 0.6487085804215394, 0.463729899467918, 0.6792156958994449, 0.47836727212515884, 0.6862231504828458, 0.46974367942332385, 0.7068908645393008, 0.49151531957144046, 0.7363010194543526, 0.48986012070365204], "avg_noise": 0.5630447315547348}, "modele_4": {"params": [1, 3, 1], "mse": 0.21425105648434797, "noise": [0.5048561315035425, 0.36818640836277955], "avg_noise": 0.436521269933161}, "modele_5": {"params": [1, 3, 3], "mse": 0.27447896603708344, "noise": [0.4967128323455718, 0.36895590188505983, 0.5844079625362052, 0.40947995480465615, 0.6065539364629475, 0.4239118771018829], "avg_noise": 0.4816704108560539}, "modele_6": {"params": [1, 3, 7], "mse": 0.3538672178730045, "noise": [0.49784765468656716, 0.38459794368635986, 0.5836139651033565, 0.4171732647449525, 0.5983624635271712, 0.4310778193732266, 0.6137800673828152, 0.44641918808734, 0.6347924367312255, 0.4320825802962288, 0.663147736220238, 0.4509413472633385, 0.6633083551148911, 0.44499203800833276], "avg_noise": 0.5187240614447174}, "modele_7": {"params": [1, 7, 1], "mse": 0.20013939931315755, "noise": [0.5052817520404339, 0.3694261098240904], "avg_noise": 0.43735393093226216}, "modele_8": {"params": [1, 7, 3], "mse": 0.28545282098906655, "noise": [0.502395225040066, 0.3623494443254859, 0.5591325537264, 0.40465261165721456, 0.566217889223549, 0.402175407542964], "avg_noise": 0.4661538552526132}, "modele_9": {"params": [1, 7, 7], "mse": 0.3406454139039016, "noise": [0.5152225273654026, 0.396154323043859, 0.558282008758388, 0.40796880222193654, 0.5666868165651073, 0.41155178261089287, 0.5887540087487214, 0.42292588717366525, 0.6073486436822038, 0.43237473576010693, 0.6123464926348279, 0.43566588411372553, 0.6392118230570191, 0.45376972547600186], "avg_noise": 0.5034473900865614}, "modele_10": {"params": [1, 15, 1], "mse": 0.30825752586601474, "noise": [0.4921898949523189, 0.394448914122605], "avg_noise": 0.443319404537462}, "modele_11": {"params": [1, 15, 3], "mse": 0.3794119127397403, "noise": [0.4843368302706293, 0.39456121674136135, 0.5486641053062474, 0.3955308304789349, 0.5867122212939417, 0.4139759121897819], "avg_noise": 0.47063018604681606}, "modele_12": {"params": [1, 15, 7], "mse": 0.44434311727523046, "noise": [0.5263119317240901, 0.4101925650546196, 0.541565542938458, 0.41034705275316974, 0.566904308280334, 0.4221794672186706, 0.5691442213375362, 0.4206417169114941, 0.5802501468039267, 0.43791337986261336, 0.5878905196885156, 0.44746153975330616, 0.5951911353245735, 0.45750487273688323], "avg_noise": 0.4981070285991564}, "modele_13": {"params": [3, 1, 1], "mse": 0.0429053514347268, "noise": [0.24372442420681295, 0.1723430879136347], "avg_noise": 0.20803375606022384}, "modele_14": {"params": [3, 1, 3], "mse": 0.10614794959586153, "noise": [0.24463770324919906, 0.171275830205653, 0.3885438418162258, 0.26518771429385607, 0.4748603690769541, 0.3205543756700418], "avg_noise": 0.310843305718655}, "modele_15": {"params": [3, 1, 7], "mse": 0.16898693456775601, "noise": [0.2382770254028732, 0.17286892443474575, 0.3807024960070493, 0.26685315502952783, 0.4712977736407864, 0.32403111993246014, 0.5048250424409173, 0.3437981034561377, 0.521371740462212, 0.35347525230712373, 0.5487095379859167, 0.36024342152201927, 0.5712881440212013, 0.35972241860127724], "avg_noise": 0.3869617253745891}, "modele_16": {"params": [3, 3, 1], "mse": 0.03400164014778713, "noise": [0.2109273536012959, 0.1544187653738603], "avg_noise": 0.18267305948757812}, "modele_17": {"params": [3, 3, 3], "mse": 0.0978702508546999, "noise": [0.211577167581352, 0.15564199130030149, 0.34110231143501984, 0.24181865960734583, 0.45470402561353135, 0.3169315443010231], "avg_noise": 0.2869626166397623}, "modele_18": {"params": [3, 3, 7], "mse": 0.16262405804142002, "noise": [0.2078736970654573, 0.15930171695197975, 0.3496750988212931, 0.26234639304645224, 0.45721249918684415, 0.3206608803551422, 0.4907857437701286, 0.33596106790325647, 0.5144419383575959, 0.33792960617647994, 0.5340373606309484, 0.345889693141193, 0.5483521683136423, 0.3524339627759408], "avg_noise": 0.37263584474973965}, "modele_19": {"params": [3, 7, 1], "mse": 0.03290696059842858, "noise": [0.1790215036069618, 0.13113181845799907], "avg_noise": 0.15507666103248044}, "modele_20": {"params": [3, 7, 3], "mse": 0.09590750725112202, "noise": [0.18560432310163183, 0.1319755189826513, 0.33864720664419723, 0.24876214035878808, 0.44525938995131864, 0.2995710258734825], "avg_noise": 0.2749699341520116}, "modele_21": {"params": [3, 7, 7], "mse": 0.18058008456318628, "noise": [0.1864157397021115, 0.13544602777466225, 0.3898990363825525, 0.27450498180727834, 0.4467771111719999, 0.3031741695444463, 0.4627005160556518, 0.31444411718438575, 0.4735312319444795, 0.3250139123402619, 0.49152087580851633, 0.3355833132943576, 0.5118782243609629, 0.3510553843949402], "avg_noise": 0.35728176012618623}, "modele_22": {"params": [3, 15, 1], "mse": 0.031913099315428836, "noise": [0.1925428343412309, 0.13996673986200775], "avg_noise": 0.16625478710161934}, "modele_23": {"params": [3, 15, 3], "mse": 0.1371087650204133, "noise": [0.18377351020425797, 0.1525767433323071, 0.39786048973614946, 0.2857473590479613, 0.43856583334356, 0.31455743799341224], "avg_noise": 0.2955135622762747}, "modele_24": {"params": [3, 15, 7], "mse": 0.22688855511565423, "noise": [0.24902208610535018, 0.2569940125414996, 0.40426232908307586, 0.29408550132099304, 0.43676350942279046, 0.3206514123476196, 0.44319602586008133, 0.33119148888574307, 0.4538489889753066, 0.3466581971568909, 0.47337896140725005, 0.3538016951349393, 0.48406865204404476, 0.3652751773797088], "avg_noise": 0.3723712884046639}, "modele_25": {"params": [7, 1, 1], "mse": 0.010242619546654006, "noise": [0.12245706260057704, 0.08092065960143371], "avg_noise": 0.10168886110100538}, "modele_26": {"params": [7, 1, 3], "mse": 0.030129807773956713, "noise": [0.11923545981270489, 0.07732495015828705, 0.20420494034900513, 0.12720173393325196, 0.26680489144665276, 0.16302096777975622], "avg_noise": 0.15963215724660965}, "modele_27": {"params": [7, 1, 7], "mse": 0.07501336559567179, "noise": [0.11778442604124781, 0.07899450956389811, 0.19797749575313, 0.12588556132309558, 0.2610670567819127, 0.16387789102051237, 0.31175884309782365, 0.19646663260599773, 0.35247407036865736, 0.22361623626540347, 0.39072633148920155, 0.24964455181657313, 0.42066651250884174, 0.27222913997526405], "avg_noise": 0.24022637561511137}, "modele_28": {"params": [7, 3, 1], "mse": 0.008478814494604492, "noise": [0.08815930733934546, 0.06673746649898803], "avg_noise": 0.07744838691916675}, "modele_29": {"params": [7, 3, 3], "mse": 0.021892038174502814, "noise": [0.09187998063795337, 0.0659884819896523, 0.1610251683870234, 0.10831659697121053, 0.21954673416221304, 0.14431131414846818], "avg_noise": 0.1318447127160868}, "modele_30": {"params": [7, 3, 7], "mse": 0.06869646462942085, "noise": [0.09162836740301268, 0.06726894399700148, 0.16299118846914598, 0.1105237886117824, 0.22147869852271618, 0.14875871759340287, 0.2757367789958425, 0.1827335408810202, 0.3350108237558707, 0.21613291270615748, 0.37797503901261836, 0.24602315587967222, 0.4062193750359344, 0.2671768026924506], "avg_noise": 0.22211843811118775}, "modele_31": {"params": [7, 7, 1], "mse": 0.006667940804660301, "noise": [0.08973417211181448, 0.06795342810217953], "avg_noise": 0.078843800106997}, "modele_32": {"params": [7, 7, 3], "mse": 0.019583342459905617,